--Rice--

INSERT INTO ArtDefine_LandmarkTypes (Type, LandmarkType, FriendlyName)
VALUES ('ART_DEF_RESOURCE_RICE','Resource','Rice');

INSERT INTO ArtDefine_Landmarks(Era, State, Scale, ImprovementType, LayoutHandler, ResourceType, Model, TerrainContour, Tech)
VALUES ('Any','Any','1','ART_DEF_IMPROVEMENT_FARM','SNAPSHOT','ART_DEF_RESOURCE_RICE',null,'1',null);

INSERT INTO ArtDefine_Landmarks(Era, State, Scale, ImprovementType, LayoutHandler, ResourceType, Model, TerrainContour, Tech)
VALUES ('Any','UnderConstruction','1','ART_DEF_IMPROVEMENT_FARM','SNAPSHOT','ART_DEF_RESOURCE_RICE',null,'1',null);

INSERT INTO ArtDefine_Landmarks(Era, State, Scale, ImprovementType, LayoutHandler, ResourceType, Model, TerrainContour, Tech)
VALUES ('Ancient','UnderConstruction','1','ART_DEF_IMPROVEMENT_FARM','FARM','ART_DEF_RESOURCE_RICE','Assets/Buildings/Improvements/Farms/Medieval/HB_Medieval_Farm.fxsxml','1',null);

INSERT INTO ArtDefine_Landmarks(Era, State, Scale, ImprovementType, LayoutHandler, ResourceType, Model, TerrainContour, Tech)
VALUES ('Ancient','Constructed','1','ART_DEF_IMPROVEMENT_FARM','FARM','ART_DEF_RESOURCE_RICE','Assets/Buildings/Improvements/Farms/Medieval/Medieval_Farm.fxsxml','1',null);

INSERT INTO ArtDefine_Landmarks(Era, State, Scale, ImprovementType, LayoutHandler, ResourceType, Model, TerrainContour, Tech)
VALUES ('Ancient','Pillaged','1','ART_DEF_IMPROVEMENT_FARM','FARM','ART_DEF_RESOURCE_RICE','Assets/Buildings/Improvements/Farms/Medieval/PL_Medieval_Farm.fxsxml','1',null);

INSERT INTO ArtDefine_Landmarks(Era, State, Scale, ImprovementType, LayoutHandler, ResourceType, Model, TerrainContour, Tech)
VALUES ('Industrial','UnderConstruction','1','ART_DEF_IMPROVEMENT_FARM','FARM','ART_DEF_RESOURCE_RICE','Assets/Buildings/Improvements/Farms/Modern/HB_Modern_Farm.fxsxml','1',null);

INSERT INTO ArtDefine_Landmarks(Era, State, Scale, ImprovementType, LayoutHandler, ResourceType, Model, TerrainContour, Tech)
VALUES ('Industrial','Constructed','1','ART_DEF_IMPROVEMENT_FARM','FARM','ART_DEF_RESOURCE_RICE','Assets/Buildings/Improvements/Farms/Modern/Modern_Farm.fxsxml','1',null);

INSERT INTO ArtDefine_Landmarks(Era, State, Scale, ImprovementType, LayoutHandler, ResourceType, Model, TerrainContour, Tech)
VALUES ('Industrial','Pillaged','1','ART_DEF_IMPROVEMENT_FARM','FARM','ART_DEF_RESOURCE_RICE','Assets/Buildings/Improvements/Farms/Modern/PL_Modern_Farm.fxsxml','1',null);

INSERT INTO ArtDefine_Landmarks(Era, State, Scale, ImprovementType, LayoutHandler, ResourceType, Model, TerrainContour, Tech)
VALUES ('Any','Any','0.9399999976158142','ART_DEF_IMPROVEMENT_NONE','SNAPSHOT','ART_DEF_RESOURCE_RICE','Art/Rice/Rice_decal.fxsxml','1',null);

INSERT INTO ArtDefine_StrategicView (StrategicViewType, TileType, Asset)
VALUES ('ART_DEF_RESOURCE_RICE','Resource','Art/Rice/SV_Rice.dds');

--Corn--

INSERT INTO ArtDefine_LandmarkTypes (Type, LandmarkType, FriendlyName)
VALUES ('ART_DEF_RESOURCE_MAIZE','Resource','Maize');

INSERT INTO ArtDefine_Landmarks(Era, State, Scale, ImprovementType, LayoutHandler, ResourceType, Model, TerrainContour, Tech)
VALUES ('Any','Any','1','ART_DEF_IMPROVEMENT_FARM','SNAPSHOT','ART_DEF_RESOURCE_MAIZE',null,'1',null);

INSERT INTO ArtDefine_Landmarks(Era, State, Scale, ImprovementType, LayoutHandler, ResourceType, Model, TerrainContour, Tech)
VALUES ('Any','UnderConstruction','1','ART_DEF_IMPROVEMENT_FARM','SNAPSHOT','ART_DEF_RESOURCE_MAIZE',null,'1',null);

INSERT INTO ArtDefine_Landmarks(Era, State, Scale, ImprovementType, LayoutHandler, ResourceType, Model, TerrainContour, Tech)
VALUES ('Ancient','UnderConstruction','1','ART_DEF_IMPROVEMENT_FARM','FARM','ART_DEF_RESOURCE_MAIZE','Assets/Buildings/Improvements/Farms/Medieval/HB_Medieval_Farm.fxsxml','1',null);

INSERT INTO ArtDefine_Landmarks(Era, State, Scale, ImprovementType, LayoutHandler, ResourceType, Model, TerrainContour, Tech)
VALUES ('Ancient','Constructed','1','ART_DEF_IMPROVEMENT_FARM','FARM','ART_DEF_RESOURCE_MAIZE','Assets/Buildings/Improvements/Farms/Medieval/Medieval_Farm.fxsxml','1',null);

INSERT INTO ArtDefine_Landmarks(Era, State, Scale, ImprovementType, LayoutHandler, ResourceType, Model, TerrainContour, Tech)
VALUES ('Ancient','Pillaged','1','ART_DEF_IMPROVEMENT_FARM','FARM','ART_DEF_RESOURCE_MAIZE','Assets/Buildings/Improvements/Farms/Medieval/PL_Medieval_Farm.fxsxml','1',null);

INSERT INTO ArtDefine_Landmarks(Era, State, Scale, ImprovementType, LayoutHandler, ResourceType, Model, TerrainContour, Tech)
VALUES ('Industrial','UnderConstruction','1','ART_DEF_IMPROVEMENT_FARM','FARM','ART_DEF_RESOURCE_MAIZE','Assets/Buildings/Improvements/Farms/Modern/HB_Modern_Farm.fxsxml','1',null);

INSERT INTO ArtDefine_Landmarks(Era, State, Scale, ImprovementType, LayoutHandler, ResourceType, Model, TerrainContour, Tech)
VALUES ('Industrial','Constructed','1','ART_DEF_IMPROVEMENT_FARM','FARM','ART_DEF_RESOURCE_MAIZE','Assets/Buildings/Improvements/Farms/Modern/Modern_Farm.fxsxml','1',null);

INSERT INTO ArtDefine_Landmarks(Era, State, Scale, ImprovementType, LayoutHandler, ResourceType, Model, TerrainContour, Tech)
VALUES ('Industrial','Pillaged','1','ART_DEF_IMPROVEMENT_FARM','FARM','ART_DEF_RESOURCE_MAIZE','Assets/Buildings/Improvements/Farms/Modern/PL_Modern_Farm.fxsxml','1',null);

INSERT INTO ArtDefine_Landmarks(Era, State, Scale, ImprovementType, LayoutHandler, ResourceType, Model, TerrainContour, Tech)
VALUES ('Any','Any','0.9399999976158142','ART_DEF_IMPROVEMENT_NONE','SNAPSHOT','ART_DEF_RESOURCE_MAIZE','Art/Corn/corn_decal.fxsxml','1',null);

INSERT INTO ArtDefine_StrategicView (StrategicViewType, TileType, Asset)
VALUES ('ART_DEF_RESOURCE_MAIZE','Resource','Art/Corn/SV_corn.dds');

--Coffee--

INSERT INTO ArtDefine_LandmarkTypes (Type, LandmarkType, FriendlyName)
VALUES ('ART_DEF_RESOURCE_COFFEE','Resource','Coffee');

INSERT INTO ArtDefine_Landmarks(Era, State, Scale, ImprovementType, LayoutHandler, ResourceType, Model, TerrainContour, Tech)
VALUES ('Any','Any','1','ART_DEF_IMPROVEMENT_PLANTATION','SNAPSHOT','ART_DEF_RESOURCE_COFFEE',null,'1',null);

INSERT INTO ArtDefine_Landmarks(Era, State, Scale, ImprovementType, LayoutHandler, ResourceType, Model, TerrainContour, Tech)
VALUES ('Any','UnderConstruction','1','ART_DEF_IMPROVEMENT_PLANTATION','SNAPSHOT','ART_DEF_RESOURCE_COFFEE',null,'1',null);

INSERT INTO ArtDefine_Landmarks(Era, State, Scale, ImprovementType, LayoutHandler, ResourceType, Model, TerrainContour, Tech)
VALUES ('Ancient','UnderConstruction','1','ART_DEF_IMPROVEMENT_PLANTATION','PLANTATION','ART_DEF_RESOURCE_COFFEE','Art/Luxury Coffee/HB_Plantation_Mid_Coffee.fxsxml','1',null);

INSERT INTO ArtDefine_Landmarks(Era, State, Scale, ImprovementType, LayoutHandler, ResourceType, Model, TerrainContour, Tech)
VALUES ('Ancient','Constructed','1','ART_DEF_IMPROVEMENT_PLANTATION','PLANTATION','ART_DEF_RESOURCE_COFFEE','Art/Luxury Coffee/Plantation_Mid_Coffee.fxsxml','1',null);

INSERT INTO ArtDefine_Landmarks(Era, State, Scale, ImprovementType, LayoutHandler, ResourceType, Model, TerrainContour, Tech)
VALUES ('Ancient','Pillaged','1','ART_DEF_IMPROVEMENT_PLANTATION','PLANTATION','ART_DEF_RESOURCE_COFFEE','Art/Luxury Coffee/PL_Plantation_Mid_Coffee.fxsxml','1',null);

INSERT INTO ArtDefine_Landmarks(Era, State, Scale, ImprovementType, LayoutHandler, ResourceType, Model, TerrainContour, Tech)
VALUES ('Industrial','UnderConstruction','1','ART_DEF_IMPROVEMENT_PLANTATION','PLANTATION','ART_DEF_RESOURCE_COFFEE','Art/Luxury Coffee/HB_Plantation_Ind_Coffee.fxsxml','1',null);

INSERT INTO ArtDefine_Landmarks(Era, State, Scale, ImprovementType, LayoutHandler, ResourceType, Model, TerrainContour, Tech)
VALUES ('Industrial','Constructed','1','ART_DEF_IMPROVEMENT_PLANTATION','PLANTATION','ART_DEF_RESOURCE_COFFEE','Art/Luxury Coffee/Plantation_Ind_Coffee.fxsxml','1',null);

INSERT INTO ArtDefine_Landmarks(Era, State, Scale, ImprovementType, LayoutHandler, ResourceType, Model, TerrainContour, Tech)
VALUES ('Industrial','Pillaged','1','ART_DEF_IMPROVEMENT_PLANTATION','PLANTATION','ART_DEF_RESOURCE_COFFEE','Art/Luxury Coffee/PL_Plantation_Ind_Coffee.fxsxml','1',null);

INSERT INTO ArtDefine_Landmarks(Era, State, Scale, ImprovementType, LayoutHandler, ResourceType, Model, TerrainContour, Tech)
VALUES ('Any','Any','0.9399999976158142','ART_DEF_IMPROVEMENT_NONE','SNAPSHOT','ART_DEF_RESOURCE_COFFEE','Art/Luxury Coffee/Resource_Coffee.fxsxml','1',null);

INSERT INTO ArtDefine_StrategicView (StrategicViewType, TileType, Asset)
VALUES ('ART_DEF_RESOURCE_COFFEE','Resource','Art/Luxury Coffee/SV_Coffee.dds');

--Tea--

INSERT INTO ArtDefine_LandmarkTypes (Type, LandmarkType, FriendlyName)
VALUES ('ART_DEF_RESOURCE_TEA','Resource','Tea');

INSERT INTO ArtDefine_Landmarks(Era, State, Scale, ImprovementType, LayoutHandler, ResourceType, Model, TerrainContour, Tech)
VALUES ('Any','Any','1','ART_DEF_IMPROVEMENT_PLANTATION','SNAPSHOT','ART_DEF_RESOURCE_TEA',null,'1',null);

INSERT INTO ArtDefine_Landmarks(Era, State, Scale, ImprovementType, LayoutHandler, ResourceType, Model, TerrainContour, Tech)
VALUES ('Any','UnderConstruction','1','ART_DEF_IMPROVEMENT_PLANTATION','SNAPSHOT','ART_DEF_RESOURCE_TEA',null,'1',null);

INSERT INTO ArtDefine_Landmarks(Era, State, Scale, ImprovementType, LayoutHandler, ResourceType, Model, TerrainContour, Tech)
VALUES ('Ancient','UnderConstruction','1','ART_DEF_IMPROVEMENT_PLANTATION','PLANTATION','ART_DEF_RESOURCE_TEA','Art/Luxury Tea/HB_Plantation_Mid_Tea.fxsxml','1',null);

INSERT INTO ArtDefine_Landmarks(Era, State, Scale, ImprovementType, LayoutHandler, ResourceType, Model, TerrainContour, Tech)
VALUES ('Ancient','Constructed','1','ART_DEF_IMPROVEMENT_PLANTATION','PLANTATION','ART_DEF_RESOURCE_TEA','Art/Luxury Tea/Plantation_Mid_Tea.fxsxml','1',null);

INSERT INTO ArtDefine_Landmarks(Era, State, Scale, ImprovementType, LayoutHandler, ResourceType, Model, TerrainContour, Tech)
VALUES ('Ancient','Pillaged','1','ART_DEF_IMPROVEMENT_PLANTATION','PLANTATION','ART_DEF_RESOURCE_TEA','Art/Luxury Tea/PL_Plantation_Mid_Tea.fxsxml','1',null);

INSERT INTO ArtDefine_Landmarks(Era, State, Scale, ImprovementType, LayoutHandler, ResourceType, Model, TerrainContour, Tech)
VALUES ('Industrial','UnderConstruction','1','ART_DEF_IMPROVEMENT_PLANTATION','PLANTATION','ART_DEF_RESOURCE_TEA','Art/Luxury Tea/HB_Plantation_Ind_Tea.fxsxml','1',null);

INSERT INTO ArtDefine_Landmarks(Era, State, Scale, ImprovementType, LayoutHandler, ResourceType, Model, TerrainContour, Tech)
VALUES ('Industrial','Constructed','1','ART_DEF_IMPROVEMENT_PLANTATION','PLANTATION','ART_DEF_RESOURCE_TEA','Art/Luxury Tea/Plantation_Ind_Tea.fxsxml','1',null);

INSERT INTO ArtDefine_Landmarks(Era, State, Scale, ImprovementType, LayoutHandler, ResourceType, Model, TerrainContour, Tech)
VALUES ('Industrial','Pillaged','1','ART_DEF_IMPROVEMENT_PLANTATION','PLANTATION','ART_DEF_RESOURCE_TEA','Art/Luxury Tea/PL_Plantation_Ind_Tea.fxsxml','1',null);

INSERT INTO ArtDefine_Landmarks(Era, State, Scale, ImprovementType, LayoutHandler, ResourceType, Model, TerrainContour, Tech)
VALUES ('Any','Any','0.9399999976158142','ART_DEF_IMPROVEMENT_NONE','SNAPSHOT','ART_DEF_RESOURCE_TEA','Art/Luxury Tea/Resource_Tea.fxsxml','1',null);

INSERT INTO ArtDefine_StrategicView (StrategicViewType, TileType, Asset)
VALUES ('ART_DEF_RESOURCE_TEA','Resource','Art/Luxury Tea/SV_Tea.dds');

--Tobacco--

INSERT INTO ArtDefine_LandmarkTypes (Type, LandmarkType, FriendlyName)
VALUES ('ART_DEF_RESOURCE_TOBACCO','Resource','Tobacco');

INSERT INTO ArtDefine_Landmarks(Era, State, Scale, ImprovementType, LayoutHandler, ResourceType, Model, TerrainContour, Tech)
VALUES ('Any','Any','1','ART_DEF_IMPROVEMENT_PLANTATION','SNAPSHOT','ART_DEF_RESOURCE_TOBACCO',null,'1',null);

INSERT INTO ArtDefine_Landmarks(Era, State, Scale, ImprovementType, LayoutHandler, ResourceType, Model, TerrainContour, Tech)
VALUES ('Any','UnderConstruction','1','ART_DEF_IMPROVEMENT_PLANTATION','SNAPSHOT','ART_DEF_RESOURCE_TOBACCO',null,'1',null);

INSERT INTO ArtDefine_Landmarks(Era, State, Scale, ImprovementType, LayoutHandler, ResourceType, Model, TerrainContour, Tech)
VALUES ('Ancient','UnderConstruction','1','ART_DEF_IMPROVEMENT_PLANTATION','PLANTATION','ART_DEF_RESOURCE_TOBACCO','Art/Luxury Tobacco/HB_Plantation_Mid_Tobacco.fxsxml','1',null);

INSERT INTO ArtDefine_Landmarks(Era, State, Scale, ImprovementType, LayoutHandler, ResourceType, Model, TerrainContour, Tech)
VALUES ('Ancient','Constructed','1','ART_DEF_IMPROVEMENT_PLANTATION','PLANTATION','ART_DEF_RESOURCE_TOBACCO','Art/Luxury Tobacco/Plantation_Mid_Tobacco.fxsxml','1',null);

INSERT INTO ArtDefine_Landmarks(Era, State, Scale, ImprovementType, LayoutHandler, ResourceType, Model, TerrainContour, Tech)
VALUES ('Ancient','Pillaged','1','ART_DEF_IMPROVEMENT_PLANTATION','PLANTATION','ART_DEF_RESOURCE_TOBACCO','Art/Luxury Tobacco/PL_Plantation_Mid_Tobacco.fxsxml','1',null);

INSERT INTO ArtDefine_Landmarks(Era, State, Scale, ImprovementType, LayoutHandler, ResourceType, Model, TerrainContour, Tech)
VALUES ('Industrial','UnderConstruction','1','ART_DEF_IMPROVEMENT_PLANTATION','PLANTATION','ART_DEF_RESOURCE_TOBACCO','Art/Luxury Tobacco/HB_plantation_Ind_Tobacco.fxsxml','1',null);

INSERT INTO ArtDefine_Landmarks(Era, State, Scale, ImprovementType, LayoutHandler, ResourceType, Model, TerrainContour, Tech)
VALUES ('Industrial','Constructed','1','ART_DEF_IMPROVEMENT_PLANTATION','PLANTATION','ART_DEF_RESOURCE_TOBACCO','Art/Luxury Tobacco/Plantation_Ind_Tobacco.fxsxml','1',null);

INSERT INTO ArtDefine_Landmarks(Era, State, Scale, ImprovementType, LayoutHandler, ResourceType, Model, TerrainContour, Tech)
VALUES ('Industrial','Pillaged','1','ART_DEF_IMPROVEMENT_PLANTATION','PLANTATION','ART_DEF_RESOURCE_TOBACCO','Art/Luxury Tobacco/PL_Plantation_Ind_Tobacco.fxsxml','1',null);

INSERT INTO ArtDefine_Landmarks(Era, State, Scale, ImprovementType, LayoutHandler, ResourceType, Model, TerrainContour, Tech)
VALUES ('Any','Any','0.9399999976158142','ART_DEF_IMPROVEMENT_NONE','SNAPSHOT','ART_DEF_RESOURCE_TOBACCO','Art/Luxury Tobacco/resource_tobacco.fxsxml','1',null);

INSERT INTO ArtDefine_StrategicView (StrategicViewType, TileType, Asset)
VALUES ('ART_DEF_RESOURCE_TOBACCO','Resource','Art/Luxury Tobacco/SV_Tobacco.dds');

--Cocoa--

INSERT INTO ArtDefine_LandmarkTypes (Type, LandmarkType, FriendlyName)
VALUES ('ART_DEF_RESOURCE_COCOA','Resource','Cocoa');

INSERT INTO ArtDefine_Landmarks(Era, State, Scale, ImprovementType, LayoutHandler, ResourceType, Model, TerrainContour, Tech)
VALUES ('Any','Any','1','ART_DEF_IMPROVEMENT_PLANTATION','SNAPSHOT','ART_DEF_RESOURCE_COCOA',null,'1',null);

INSERT INTO ArtDefine_Landmarks(Era, State, Scale, ImprovementType, LayoutHandler, ResourceType, Model, TerrainContour, Tech)
VALUES ('Any','UnderConstruction','1','ART_DEF_IMPROVEMENT_PLANTATION','SNAPSHOT','ART_DEF_RESOURCE_COCOA',null,'1',null);

INSERT INTO ArtDefine_Landmarks(Era, State, Scale, ImprovementType, LayoutHandler, ResourceType, Model, TerrainContour, Tech)
VALUES ('Ancient','UnderConstruction','1','ART_DEF_IMPROVEMENT_PLANTATION','PLANTATION','ART_DEF_RESOURCE_COCOA','Art/Luxury Cocoa/plantation_mid_cocoa_hb.fxsxml','1',null);

INSERT INTO ArtDefine_Landmarks(Era, State, Scale, ImprovementType, LayoutHandler, ResourceType, Model, TerrainContour, Tech)
VALUES ('Ancient','Constructed','1','ART_DEF_IMPROVEMENT_PLANTATION','PLANTATION','ART_DEF_RESOURCE_COCOA','Art/Luxury Cocoa/plantation_mid_cocoa.fxsxml','1',null);

INSERT INTO ArtDefine_Landmarks(Era, State, Scale, ImprovementType, LayoutHandler, ResourceType, Model, TerrainContour, Tech)
VALUES ('Ancient','Pillaged','1','ART_DEF_IMPROVEMENT_PLANTATION','PLANTATION','ART_DEF_RESOURCE_COCOA','Art/Luxury Cocoa/plantation_mid_cocoa_pil.fxsxml','1',null);

INSERT INTO ArtDefine_Landmarks(Era, State, Scale, ImprovementType, LayoutHandler, ResourceType, Model, TerrainContour, Tech)
VALUES ('Industrial','UnderConstruction','1','ART_DEF_IMPROVEMENT_PLANTATION','PLANTATION','ART_DEF_RESOURCE_COCOA','Art/Luxury Cocoa/plantation_ind_cocoa_hb.fxsxml','1',null);

INSERT INTO ArtDefine_Landmarks(Era, State, Scale, ImprovementType, LayoutHandler, ResourceType, Model, TerrainContour, Tech)
VALUES ('Industrial','Constructed','1','ART_DEF_IMPROVEMENT_PLANTATION','PLANTATION','ART_DEF_RESOURCE_COCOA','Art/Luxury Cocoa/plantation_ind_cocoa.fxsxml','1',null);

INSERT INTO ArtDefine_Landmarks(Era, State, Scale, ImprovementType, LayoutHandler, ResourceType, Model, TerrainContour, Tech)
VALUES ('Industrial','Pillaged','1','ART_DEF_IMPROVEMENT_PLANTATION','PLANTATION','ART_DEF_RESOURCE_COCOA','Art/Luxury Cocoa/plantation_ind_cocoa_pil.fxsxml','1',null);

INSERT INTO ArtDefine_Landmarks(Era, State, Scale, ImprovementType, LayoutHandler, ResourceType, Model, TerrainContour, Tech)
VALUES ('Any','Any','0.9399999976158142','ART_DEF_IMPROVEMENT_NONE','SNAPSHOT','ART_DEF_RESOURCE_COCOA','Art/Luxury Cocoa/cocoa.fxsxml','1',null);

INSERT INTO ArtDefine_StrategicView (StrategicViewType, TileType, Asset)
VALUES ('ART_DEF_RESOURCE_COCOA','Resource','Art/Luxury Cocoa/SV_Cocoa.dds');


